2025-11-18_16-53-54,0,draft.py:2025-11-18_16-53-54
2025-11-18_22-21-16,0,draft.py:2025-11-18_16-53-54
2025-11-18_22-44-50,0,draft.py:2025-11-18_22-44-50
2025-11-18_23-01-27,0,draft.py:2025-11-18_23-01-27
2025-11-18_23-06-35,0,draft.py:2025-11-18_23-06-35
2025-11-18_23-16-15,0,draft.py:2025-11-18_23-16-15
2025-11-18_23-17-19,0,draft.py:2025-11-18_23-17-19
2025-11-18_23-20-10,0,draft.py:2025-11-18_23-20-10
2025-11-18_23-20-33,0,draft.py:2025-11-18_23-20-33
2025-11-18_23-20-58,0,draft.py:2025-11-18_23-20-58
2025-11-18_23-22-25,0,draft.py:2025-11-18_23-22-25
2025-11-18_23-26-18,14,draft.py:2025-11-18_23-26-18
2025-11-18_23-28-52,21,draft.py:2025-11-18_23-28-52
2025-11-18_23-29-34,28,draft.py:2025-11-18_23-29-34
2025-11-18_23-30-40,21,draft.py:2025-11-18_23-30-40
2025-11-18_23-34-33,14,draft.py:2025-11-18_23-34-33
2025-11-18_23-34-51,28,draft.py:2025-11-18_23-34-51
2025-11-18_23-37-05,28,draft.py:2025-11-18_23-37-05
2025-11-18_23-37-57,35,draft.py:2025-11-18_23-37-57
2025-11-18_23-39-06,35,draft.py:2025-11-18_23-39-06
2025-11-18_23-40-02,0,draft.py:2025-11-18_23-40-02
2025-11-18_23-40-16,28,draft.py:2025-11-18_23-40-16
2025-11-18_23-40-28,0,draft.py:2025-11-18_23-40-28
2025-11-18_23-40-46,28,draft.py:2025-11-18_23-40-46
2025-11-18_23-42-16,28,draft.py:2025-11-18_23-42-16
2025-11-18_23-43-22,28,draft.py:2025-11-18_23-43-22
2025-11-18_23-43-35,14,draft.py:2025-11-18_23-43-35
2025-11-18_23-44-03,14,draft.py:2025-11-18_23-44-03
2025-11-18_23-47-13,14,draft.py:2025-11-18_23-47-13
2025-11-18_23-49-32,0,draft.py:2025-11-18_23-49-32
2025-11-18_23-50-44,0,draft.py:2025-11-18_23-50-44
2025-11-18_23-51-09,0,draft.py:2025-11-18_23-50-44
2025-11-18_23-54-56,35,draft.py:2025-11-18_23-54-56
2025-11-18_23-55-22,28,draft.py:2025-11-18_23-55-22
2025-11-18_23-55-49,42,draft.py:2025-11-18_23-55-49
2025-11-18_23-58-36,57,draft.py:2025-11-18_23-58-36
2025-11-18_23-59-28,57,draft.py:2025-11-18_23-59-28
2025-11-18_23-59-52,71,draft.py:2025-11-18_23-59-52
2025-11-19_00-03-07,71,draft.py:2025-11-19_00-03-07
2025-11-19_00-03-46,71,draft.py:2025-11-19_00-03-46
2025-11-19_00-04-23,71,draft.py:2025-11-19_00-04-23
2025-11-19_00-04-37,71,draft.py:2025-11-19_00-04-37
2025-11-19_00-04-51,100,draft.py:2025-11-19_00-04-51
