2025-11-19_10-34-35,0,draft.py:2025-11-19_10-34-35
2025-11-19_10-37-33,0,draft.py:2025-11-19_10-37-33
2025-11-19_10-37-46,0,draft.py:2025-11-19_10-37-46
2025-11-19_10-39-23,0,draft.py:2025-11-19_10-39-23
2025-11-19_10-39-41,0,draft.py:2025-11-19_10-39-41
2025-11-19_10-40-23,0,draft.py:2025-11-19_10-40-23
2025-11-19_10-41-01,0,draft.py:2025-11-19_10-41-01
2025-11-19_10-41-36,0,draft.py:2025-11-19_10-41-36
2025-11-19_10-42-26,0,draft.py:2025-11-19_10-42-26
2025-11-19_10-42-35,0,draft.py:2025-11-19_10-42-35
2025-11-19_10-43-24,0,draft.py:2025-11-19_10-43-24
2025-11-19_10-44-12,11,draft.py:2025-11-19_10-44-12
2025-11-19_10-45-46,0,draft.py:2025-11-19_10-45-46
2025-11-19_10-46-32,0,draft.py:2025-11-19_10-46-32
2025-11-19_10-47-02,11,draft.py:2025-11-19_10-47-02
2025-11-19_10-47-21,11,draft.py:2025-11-19_10-47-21
2025-11-19_10-50-08,11,draft.py:2025-11-19_10-50-08
2025-11-19_10-50-29,11,draft.py:2025-11-19_10-50-29
2025-11-19_10-52-37,33,draft.py:2025-11-19_10-52-37
2025-11-19_10-53-31,33,draft.py:2025-11-19_10-53-31
2025-11-19_10-56-51,33,draft.py:2025-11-19_10-56-51
2025-11-19_10-59-38,33,draft.py:2025-11-19_10-59-38
2025-11-19_10-59-54,55,draft.py:2025-11-19_10-59-54
2025-11-19_11-10-59,55,draft.py:2025-11-19_11-10-59
2025-11-19_11-18-37,33,draft.py:2025-11-19_11-18-37
2025-11-19_11-19-02,33,draft.py:2025-11-19_11-19-02
2025-11-19_11-19-34,33,draft.py:2025-11-19_11-19-34
2025-11-19_11-20-43,33,draft.py:2025-11-19_11-20-43
2025-11-19_11-21-24,33,draft.py:2025-11-19_11-21-24
2025-11-19_11-21-39,0,draft.py:2025-11-19_11-21-39
2025-11-19_11-24-25,33,draft.py:2025-11-19_11-24-25
2025-11-19_11-26-33,33,draft.py:2025-11-19_11-26-33
2025-11-19_11-27-03,33,draft.py:2025-11-19_11-27-03
2025-11-19_11-31-43,33,draft.py:2025-11-19_11-31-43
2025-11-19_11-33-12,33,draft.py:2025-11-19_11-33-12
2025-11-19_11-33-33,33,draft.py:2025-11-19_11-33-33
2025-11-19_11-35-08,33,draft.py:2025-11-19_11-35-08
2025-11-19_11-35-38,33,draft.py:2025-11-19_11-35-38
2025-11-19_11-36-37,33,draft.py:2025-11-19_11-36-37
2025-11-19_11-38-27,33,draft.py:2025-11-19_11-38-27
2025-11-19_11-40-02,33,draft.py:2025-11-19_11-40-02
2025-11-19_11-43-58,66,draft.py:2025-11-19_11-43-58
2025-11-19_11-56-15,33,draft.py:2025-11-19_11-56-15
2025-11-19_11-58-28,66,draft.py:2025-11-19_11-58-28
2025-11-19_11-59-37,66,draft.py:2025-11-19_11-59-37
2025-11-19_12-00-02,66,draft.py:2025-11-19_12-00-02
2025-11-19_12-02-22,66,draft.py:2025-11-19_12-02-22
2025-11-19_12-03-39,77,draft.py:2025-11-19_12-03-39
2025-11-20_00-03-48,77,draft.py:2025-11-20_00-03-48
2025-11-20_00-04-16,77,draft.py:2025-11-20_00-04-16
2025-11-20_00-06-13,77,draft.py:2025-11-20_00-06-13
2025-11-20_00-06-39,77,draft.py:2025-11-20_00-06-39
2025-11-20_00-07-31,77,draft.py:2025-11-20_00-06-39
2025-11-20_00-08-19,77,draft.py:2025-11-20_00-08-19
2025-11-20_00-08-56,77,draft.py:2025-11-20_00-08-56
2025-11-20_00-12-40,77,draft.py:2025-11-20_00-12-40
2025-11-20_00-13-32,88,draft.py:2025-11-20_00-13-32
2025-11-20_00-14-24,100,draft.py:2025-11-20_00-14-24
